{"music_volume": 0.15666666666666668, "sound_volume": 0.5666666666666667}